source,target,capped_hops,uncapped_hops,capped_attack_fraction,uncapped_attack_fraction,capped_cost,uncapped_cost
16667,4456,5,5,0.0,0.0,13.549970730038378,13.549970730038378
9065,20881,5,5,0.0,0.0,13.954701512176275,13.954701512176275
8208,941,5,5,0.0,0.0,13.916673790452442,13.916673790452442
14345,513,9,9,0.0,0.0,24.760263048159644,24.760263048159644
14680,378,5,5,0.0,0.0,13.479912175617692,13.479912175617692
10515,7110,8,8,0.0,0.0,21.92023442396252,21.92023442396252
22341,10880,4,4,0.0,0.0,11.3804801964984,11.3804801964984
17142,17688,7,7,0.0,0.0,19.62951538740206,19.62951538740206
2021,23050,6,6,0.0,0.0,15.824250101034227,15.824250101034227
106,5288,5,5,0.0,0.0,14.072186401943577,14.072186401943577
15629,23381,9,9,0.0,0.0,24.920283617577,24.920283617577
2819,22463,5,5,0.0,0.0,13.854658172405443,13.854658172405443
15008,26921,7,7,0.0,0.0,19.17876182345831,19.17876182345831
4936,13348,7,7,0.0,0.0,18.766028967634792,18.766028967634792
26229,12162,4,4,0.0,0.0,11.18759745713185,11.18759745713185
4255,10308,5,5,0.0,0.0,13.6188560877478,13.6188560877478
13914,28202,6,6,0.0,0.0,16.343763481155605,16.343763481155605
3860,3086,6,6,0.0,0.0,16.049796177050396,16.049796177050396
19030,21227,6,6,0.0,0.0,16.85770462343212,16.85770462343212
27562,10381,6,6,0.0,0.0,16.586837088484288,16.586837088484288
13474,18270,7,7,0.0,0.0,19.115656366745565,19.115656366745565
5921,19782,4,4,0.0,0.0,11.241485295660125,11.241485295660125
25129,20532,7,7,0.0,0.0,19.149146518272413,19.149146518272413
22565,25417,5,5,0.0,0.0,14.310486283530494,14.310486283530494
13041,25343,5,5,0.0,0.0,13.683717534739475,13.683717534739475
3159,22551,5,5,0.0,0.0,14.154125880274746,14.154125880274746
26526,350,6,6,0.0,0.0,16.434172545629554,16.434172545629554
16437,18377,9,9,0.0,0.0,24.32824048378075,24.32824048378075
7638,21310,5,5,0.0,0.0,13.459368520036858,13.459368520036858
1035,27738,7,7,0.0,0.0,19.002882685738296,19.002882685738296
558,12422,6,6,0.0,0.0,16.165747415967637,16.165747415967637
20059,12226,9,9,0.0,0.0,24.14037951479512,24.14037951479512
25399,1717,6,6,0.0,0.0,16.52140949571829,16.52140949571829
21109,24246,8,8,0.0,0.0,22.413982177622668,22.413982177622668
21069,24027,8,8,0.0,0.0,21.852412490628055,21.852412490628055
4428,21250,5,5,0.0,0.0,14.10636668028885,14.10636668028885
24293,20411,6,6,0.0,0.0,16.66046610091874,16.66046610091874
1603,23878,6,6,0.0,0.0,16.834519409009232,16.834519409009232
19058,20770,5,5,0.0,0.0,13.802651961126104,13.802651961126104
6441,12966,5,7,0.4,0.0,18.103527133763592,19.134867317308363
17484,23088,8,8,0.25,0.25,26.62305310099,29.229906817822048
17635,14478,6,6,0.0,0.0,16.185898752794664,16.185898752794664
8737,20142,6,6,0.0,0.0,16.45119192123138,16.45119192123138
1697,14094,5,5,0.0,0.0,14.056270753540542,14.056270753540542
1435,1725,6,6,0.0,0.0,16.672027859263846,16.672027859263846
23843,16222,6,6,0.0,0.0,16.229626843509873,16.229626843509873
7503,11117,7,7,0.0,0.0,19.523142366696515,19.523142366696515
11283,27328,7,7,0.0,0.0,19.267128005861068,19.267128005861068
7783,6044,6,6,0.0,0.0,16.72930863753878,16.72930863753878
3373,5947,8,8,0.0,0.0,22.30865461483465,22.30865461483465
12244,22812,6,6,0.0,0.0,16.019758762534522,16.019758762534522
6658,11559,7,7,0.0,0.0,19.661939189662597,19.661939189662597
5918,15446,7,7,0.0,0.0,19.121614746485676,19.121614746485676
6860,25698,9,9,0.0,0.0,24.479315937096636,24.479315937096636
3184,10976,7,7,0.0,0.0,18.492894210965844,18.492894210965844
940,23818,7,7,0.0,0.0,18.9426867033511,18.9426867033511
20831,23858,7,7,0.0,0.0,19.650528456918455,19.650528456918455
6525,4631,7,7,0.0,0.0,19.04527856892461,19.04527856892461
22746,16735,7,7,0.0,0.0,18.890721577034476,18.890721577034476
27640,17112,8,8,0.0,0.0,22.00164355647685,22.00164355647685
18478,24933,9,9,0.0,0.0,23.77528668690081,23.77528668690081
8045,8306,12,12,0.0,0.0,32.66476919946659,32.66476919946659
26397,6932,4,4,0.0,0.0,10.545110072331765,10.545110072331765
16843,21460,6,6,0.0,0.0,16.601622119333324,16.601622119333324
10964,16684,5,5,0.0,0.0,13.941357894832507,13.941357894832507
19508,15917,8,8,0.0,0.0,22.133224437223735,22.133224437223735
2592,10393,5,5,0.0,0.0,13.704119764303517,13.704119764303517
26883,22131,9,9,0.0,0.0,24.818968399217017,24.818968399217017
15326,28200,5,5,0.0,0.0,14.295189337918403,14.295189337918403
26520,9640,6,6,0.0,0.0,16.345715967332165,16.345715967332165
4939,15578,8,8,0.0,0.0,22.337264192677537,22.337264192677537
1831,16200,10,10,0.0,0.0,27.426197569287893,27.426197569287893
25070,25017,8,8,0.0,0.0,22.06039120858153,22.06039120858153
4049,17744,5,5,0.0,0.0,13.845361048736311,13.845361048736311
9663,7179,7,7,0.0,0.0,18.84810753899653,18.84810753899653
14306,7218,8,8,0.0,0.0,21.597593631492046,21.597593631492046
16564,12559,7,7,0.0,0.0,18.943974200219902,18.943974200219902
1026,11560,6,6,0.0,0.0,16.561137411720296,16.561137411720296
21411,26928,9,9,0.0,0.0,24.206789949940713,24.206789949940713
24889,15945,8,8,0.0,0.0,21.50015232680058,21.50015232680058
1854,5815,6,6,0.0,0.0,16.581972382361883,16.581972382361883
15837,25987,5,5,0.0,0.0,13.49130010046599,13.49130010046599
24698,23332,7,7,0.0,0.0,19.467697646668192,19.467697646668192
4532,7572,7,7,0.0,0.0,19.015442028787817,19.015442028787817
1609,20570,3,3,0.0,0.0,7.985920764173491,7.985920764173491
5937,6620,6,6,0.0,0.0,16.79465230782934,16.79465230782934
4417,9803,6,6,0.0,0.0,15.903970400827902,15.903970400827902
14449,17857,5,5,0.0,0.0,13.83625230658339,13.83625230658339
8350,3963,6,6,0.0,0.0,16.48267944680174,16.48267944680174
9324,11273,8,8,0.0,0.0,21.164490976315385,21.164490976315385
2362,20004,6,6,0.0,0.0,16.57233961225161,16.57233961225161
23748,13542,6,6,0.0,0.0,17.211277888252415,17.211277888252415
971,4314,5,5,0.0,0.0,14.013873721796687,14.013873721796687
13399,18884,4,4,0.0,0.0,11.256374642333622,11.256374642333622
10382,6526,8,8,0.0,0.0,21.516571793217324,21.516571793217324
14031,5504,5,5,0.0,0.0,14.389354443965455,14.389354443965455
16207,14514,8,8,0.0,0.0,23.008995978932393,23.008995978932393
7985,4132,4,4,0.0,0.0,10.907242658617704,10.907242658617704
10034,22980,8,8,0.0,0.0,21.94454645965422,21.94454645965422
9811,17165,4,4,0.0,0.0,10.991789599334925,10.991789599334925
