source,target,baseline_hops,eara_hops,baseline_weighted_cost,eara_weighted_cost,baseline_attack_edges,eara_attack_edges,baseline_attack_fraction,eara_attack_fraction,baseline_path_disorder,eara_path_disorder
16667,4456,5,5,14.236662006835733,13.549970730038378,0,0,0.0,0.0,9.236662006835733,8.549970730038378
9065,20881,5,5,14.06244801676052,13.954701512176275,0,0,0.0,0.0,9.06244801676052,8.954701512176275
8208,941,5,5,14.398818679760296,13.916673790452442,0,0,0.0,0.0,9.398818679760296,8.91667379045244
14345,513,9,9,25.13674321429747,24.760263048159644,0,0,0.0,0.0,16.13674321429747,15.760263048159645
14680,378,5,5,14.059649477217633,13.479912175617692,0,0,0.0,0.0,9.059649477217633,8.47991217561769
10515,7110,8,8,22.39575064321993,21.92023442396252,0,0,0.0,0.0,14.39575064321993,13.920234423962517
22341,10880,4,4,11.922403685271581,11.3804801964984,0,0,0.0,0.0,7.922403685271581,7.380480196498401
17142,17688,7,7,19.62951538740206,19.62951538740206,0,0,0.0,0.0,12.629515387402058,12.629515387402058
2021,23050,6,6,21.100628590182765,15.824250101034227,2,0,0.3333333333333333,0.0,17.97188384688576,9.824250101034224
106,5288,5,5,14.072186401943577,14.072186401943577,0,0,0.0,0.0,9.072186401943577,9.072186401943577
15629,23381,9,9,25.162218745149403,24.920283617577,0,0,0.0,0.0,16.162218745149403,15.920283617576999
2819,22463,5,5,13.854658172405443,13.854658172405443,0,0,0.0,0.0,8.854658172405443,8.854658172405443
15008,26921,7,7,19.17876182345831,19.17876182345831,0,0,0.0,0.0,12.178761823458306,12.178761823458306
4936,13348,7,7,19.690504657707535,18.766028967634792,0,0,0.0,0.0,12.690504657707534,11.76602896763479
26229,12162,4,4,11.18759745713185,11.18759745713185,0,0,0.0,0.0,7.187597457131852,7.187597457131852
4255,10308,5,5,13.75145889252135,13.6188560877478,0,0,0.0,0.0,8.751458892521347,8.618856087747798
13914,28202,6,6,16.343763481155605,16.343763481155605,0,0,0.0,0.0,10.343763481155603,10.343763481155603
3860,3086,6,6,16.049796177050396,16.049796177050396,0,0,0.0,0.0,10.049796177050398,10.049796177050398
19030,21227,6,6,16.85770462343212,16.85770462343212,0,0,0.0,0.0,10.857704623432118,10.857704623432118
27562,10381,6,6,16.903936361223273,16.586837088484288,0,0,0.0,0.0,10.903936361223272,10.58683708848429
13474,18270,7,7,19.314183622482318,19.115656366745565,0,0,0.0,0.0,12.314183622482318,12.115656366745563
5921,19782,4,4,11.241485295660125,11.241485295660125,0,0,0.0,0.0,7.241485295660125,7.241485295660125
25129,20532,7,7,19.149146518272413,19.149146518272413,0,0,0.0,0.0,12.149146518272412,12.149146518272412
22565,25417,5,5,14.310486283530494,14.310486283530494,0,0,0.0,0.0,9.310486283530494,9.310486283530494
13041,25343,5,5,13.683717534739475,13.683717534739475,0,0,0.0,0.0,8.683717534739475,8.683717534739475
3159,22551,5,5,14.554155586860348,14.154125880274746,0,0,0.0,0.0,9.554155586860348,9.154125880274746
26526,350,6,6,17.269179167413025,16.434172545629554,0,0,0.0,0.0,11.269179167413025,10.434172545629554
16437,18377,9,9,24.635588016020574,24.32824048378075,0,0,0.0,0.0,15.635588016020574,15.328240483780748
7638,21310,5,5,14.096756468447285,13.459368520036858,0,0,0.0,0.0,9.096756468447284,8.459368520036858
1035,27738,7,7,19.002882685738296,19.002882685738296,0,0,0.0,0.0,12.002882685738296,12.002882685738296
558,12422,6,6,16.390338877673184,16.165747415967637,0,0,0.0,0.0,10.390338877673182,10.165747415967635
20059,12226,9,9,25.16474388544775,24.14037951479512,0,0,0.0,0.0,16.164743885447752,15.140379514795116
25399,1717,6,6,17.201596516196396,16.52140949571829,0,0,0.0,0.0,11.201596516196396,10.521409495718293
21109,24246,8,8,22.642444410422257,22.413982177622668,0,0,0.0,0.0,14.642444410422256,14.413982177622664
21069,24027,8,8,22.56790855877418,21.852412490628055,0,0,0.0,0.0,14.567908558774182,13.852412490628055
4428,21250,5,5,14.10636668028885,14.10636668028885,0,0,0.0,0.0,9.10636668028885,9.10636668028885
24293,20411,6,6,16.68932173108796,16.66046610091874,0,0,0.0,0.0,10.689321731087958,10.66046610091874
1603,23878,6,6,16.834519409009232,16.834519409009232,0,0,0.0,0.0,10.834519409009232,10.834519409009232
19058,20770,5,5,14.284444204368487,13.802651961126104,0,0,0.0,0.0,9.284444204368487,8.802651961126106
6441,12966,5,5,18.504393746356712,18.103527133763592,2,2,0.4,0.4,16.24465414441378,15.843787531820661
17484,23088,8,8,26.74770996522946,26.62305310099,2,2,0.25,0.25,21.542140303162803,21.41748343892334
17635,14478,6,6,16.534584929728958,16.185898752794664,0,0,0.0,0.0,10.534584929728954,10.185898752794664
8737,20142,6,6,16.995786643399477,16.45119192123138,0,0,0.0,0.0,10.995786643399477,10.45119192123138
1697,14094,5,5,14.056270753540542,14.056270753540542,0,0,0.0,0.0,9.056270753540543,9.056270753540543
1435,1725,6,6,16.672027859263846,16.672027859263846,0,0,0.0,0.0,10.672027859263846,10.672027859263846
23843,16222,6,6,16.229626843509873,16.229626843509873,0,0,0.0,0.0,10.229626843509873,10.229626843509873
7503,11117,7,7,19.63134470941519,19.523142366696515,0,0,0.0,0.0,12.631344709415188,12.523142366696515
11283,27328,7,7,19.412268552708426,19.267128005861068,0,0,0.0,0.0,12.412268552708424,12.267128005861064
7783,6044,6,6,16.97146481673834,16.72930863753878,0,0,0.0,0.0,10.97146481673834,10.729308637538777
3373,5947,8,8,22.45439661252756,22.30865461483465,0,0,0.0,0.0,14.454396612527558,14.30865461483465
12244,22812,6,6,16.019758762534522,16.019758762534522,0,0,0.0,0.0,10.019758762534522,10.019758762534522
6658,11559,7,7,19.79382611248706,19.661939189662597,0,0,0.0,0.0,12.793826112487062,12.661939189662595
5918,15446,7,7,19.74412522017196,19.121614746485676,0,0,0.0,0.0,12.744125220171957,12.121614746485674
6860,25698,9,9,24.479315937096636,24.479315937096636,0,0,0.0,0.0,15.47931593709664,15.47931593709664
3184,10976,7,7,19.533029895307443,18.492894210965844,0,0,0.0,0.0,12.533029895307445,11.492894210965847
940,23818,7,7,19.03598208351191,18.9426867033511,0,0,0.0,0.0,12.035982083511907,11.9426867033511
20831,23858,7,7,19.650528456918455,19.650528456918455,0,0,0.0,0.0,12.65052845691846,12.65052845691846
6525,4631,7,7,19.04527856892461,19.04527856892461,0,0,0.0,0.0,12.045278568924607,12.045278568924607
22746,16735,7,7,23.612163597398318,18.890721577034476,2,0,0.2857142857142857,0.0,19.380482594937373,11.89072157703448
27640,17112,8,8,22.43143680882456,22.00164355647685,0,0,0.0,0.0,14.431436808824559,14.001643556476848
18478,24933,9,9,25.116009703730267,23.77528668690081,0,0,0.0,0.0,16.116009703730267,14.775286686900806
8045,8306,12,12,33.299376801028735,32.66476919946659,0,0,0.0,0.0,21.299376801028735,20.6647691994666
26397,6932,4,4,15.293149852012743,10.545110072331765,2,0,0.5,0.0,13.79732092123777,6.545110072331765
16843,21460,6,6,16.606716109910927,16.601622119333324,0,0,0.0,0.0,10.606716109910927,10.601622119333326
10964,16684,5,5,13.941357894832507,13.941357894832507,0,0,0.0,0.0,8.941357894832507,8.941357894832507
19508,15917,8,8,22.38740226239279,22.133224437223735,0,0,0.0,0.0,14.38740226239279,14.133224437223738
2592,10393,5,5,13.704119764303517,13.704119764303517,0,0,0.0,0.0,8.704119764303517,8.704119764303517
26883,22131,9,9,25.147360319390508,24.818968399217017,0,0,0.0,0.0,16.147360319390508,15.818968399217017
15326,28200,5,5,14.295189337918403,14.295189337918403,0,0,0.0,0.0,9.295189337918403,9.295189337918403
26520,9640,6,6,16.345715967332165,16.345715967332165,0,0,0.0,0.0,10.345715967332165,10.345715967332165
4939,15578,8,8,22.337264192677537,22.337264192677537,0,0,0.0,0.0,14.337264192677537,14.337264192677537
1831,16200,10,10,28.286533159083557,27.426197569287893,0,0,0.0,0.0,18.28653315908356,17.42619756928789
25070,25017,8,8,22.40636056907887,22.06039120858153,0,0,0.0,0.0,14.40636056907887,14.060391208581533
4049,17744,5,5,13.845361048736311,13.845361048736311,0,0,0.0,0.0,8.845361048736311,8.845361048736311
9663,7179,7,7,19.227090020245697,18.84810753899653,0,0,0.0,0.0,12.227090020245699,11.848107538996532
14306,7218,8,8,22.17038612374375,21.597593631492046,0,0,0.0,0.0,14.17038612374375,13.597593631492046
16564,12559,7,7,19.40557529740468,18.943974200219902,0,0,0.0,0.0,12.40557529740468,11.9439742002199
1026,11560,6,6,21.16678852116626,16.561137411720296,2,0,0.3333333333333333,0.0,17.626368078515856,10.561137411720296
21411,26928,9,9,24.692329025244405,24.206789949940713,0,0,0.0,0.0,15.692329025244405,15.20678994994071
24889,15945,8,8,26.10993629512368,21.50015232680058,2,0,0.25,0.0,20.708078964007434,13.500152326800585
1854,5815,6,6,17.16262840917847,16.581972382361883,0,0,0.0,0.0,11.16262840917847,10.581972382361885
15837,25987,5,5,13.76760853824717,13.49130010046599,0,0,0.0,0.0,8.76760853824717,8.49130010046599
24698,23332,7,7,20.004274024596846,19.467697646668192,0,0,0.0,0.0,13.004274024596842,12.467697646668194
4532,7572,7,7,19.015442028787817,19.015442028787817,0,0,0.0,0.0,12.015442028787815,12.015442028787815
1609,20570,3,3,8.667407785775586,7.985920764173491,0,0,0.0,0.0,5.667407785775586,4.985920764173491
5937,6620,5,6,18.622919058044985,16.79465230782934,2,0,0.4,0.0,16.427740098606037,10.794652307829342
4417,9803,6,6,16.10806347754003,15.903970400827902,0,0,0.0,0.0,10.108063477540028,9.903970400827902
14449,17857,5,5,13.83625230658339,13.83625230658339,0,0,0.0,0.0,8.83625230658339,8.83625230658339
8350,3963,6,6,16.545633050450487,16.48267944680174,0,0,0.0,0.0,10.545633050450487,10.482679446801741
9324,11273,8,8,22.153888807769597,21.164490976315385,0,0,0.0,0.0,14.153888807769595,13.164490976315383
2362,20004,6,6,17.143152516587797,16.57233961225161,0,0,0.0,0.0,11.143152516587797,10.572339612251612
23748,13542,6,6,17.211277888252415,17.211277888252415,0,0,0.0,0.0,11.211277888252415,11.211277888252415
971,4314,5,5,14.013873721796687,14.013873721796687,0,0,0.0,0.0,9.013873721796685,9.013873721796685
13399,18884,4,4,11.256374642333622,11.256374642333622,0,0,0.0,0.0,7.256374642333621,7.256374642333621
10382,6526,8,8,21.516571793217324,21.516571793217324,0,0,0.0,0.0,13.516571793217327,13.516571793217327
14031,5504,5,5,14.389354443965455,14.389354443965455,0,0,0.0,0.0,9.389354443965454,9.389354443965454
16207,14514,8,8,23.008995978932393,23.008995978932393,0,0,0.0,0.0,15.008995978932392,15.008995978932392
7985,4132,4,4,11.152304169522598,10.907242658617704,0,0,0.0,0.0,7.152304169522598,6.9072426586177045
10034,22980,8,8,22.486594079267608,21.94454645965422,0,0,0.0,0.0,14.486594079267604,13.944546459654223
9811,17165,4,4,10.991789599334925,10.991789599334925,0,0,0.0,0.0,6.991789599334924,6.991789599334924
