seed,baseline_hops,eara_hops,baseline_attack_fraction,eara_attack_fraction,baseline_attack_edges,eara_attack_edges,baseline_weighted_cost,eara_weighted_cost,baseline_path_disorder,eara_path_disorder
42,5,5,0.0,0.0,0,0,13.917879226567194,13.508929007799177,8.917879226567194,8.508929007799175
42,5,5,0.0,0.0,0,0,13.327916552106434,13.327916552106434,8.327916552106434,8.327916552106434
42,5,5,0.0,0.0,0,0,14.369749489073236,14.122670793555223,9.369749489073238,9.122670793555223
42,9,9,0.0,0.0,0,0,24.73031065226231,24.560757664171653,15.730310652262311,15.560757664171652
42,5,5,0.0,0.0,0,0,13.896834629140432,13.896834629140432,8.896834629140434,8.896834629140434
42,8,8,0.0,0.0,0,0,22.828365007271746,21.638700310697978,14.82836500727175,13.63870031069798
42,4,4,0.0,0.0,0,0,10.547485447113118,10.547485447113118,6.547485447113116,6.547485447113116
42,7,7,0.0,0.0,0,0,19.398067588190496,19.398067588190496,12.398067588190496,12.398067588190496
42,6,6,0.3333333333333333,0.0,2,0,20.70774491263501,16.81854293227885,17.38704884739294,10.818542932278849
42,5,5,0.0,0.0,0,0,13.874731085670955,13.874731085670955,8.874731085670955,8.874731085670955
42,9,9,0.0,0.0,0,0,24.7757069939595,24.7757069939595,15.7757069939595,15.7757069939595
42,5,5,0.0,0.0,0,0,13.572666526696816,13.572666526696816,8.572666526696816,8.572666526696816
42,7,7,0.0,0.0,0,0,19.835460155513474,19.285695640367067,12.835460155513475,12.285695640367068
42,7,7,0.0,0.0,0,0,19.536280568533815,19.37023321109165,12.536280568533815,12.370233211091652
42,4,4,0.0,0.0,0,0,10.97580410626733,10.97580410626733,6.975804106267329,6.975804106267329
42,5,5,0.0,0.0,0,0,13.833748132198549,13.833748132198549,8.83374813219855,8.83374813219855
42,6,6,0.0,0.0,0,0,16.99681258743926,16.464361469986713,10.996812587439258,10.46436146998671
42,6,6,0.0,0.0,0,0,17.289147767371887,17.289147767371887,11.289147767371887,11.289147767371887
42,6,6,0.0,0.0,0,0,16.970670629472025,16.588909451544513,10.970670629472027,10.588909451544513
42,6,6,0.0,0.0,0,0,16.666161370767263,16.175123485015863,10.666161370767263,10.175123485015863
42,7,7,0.0,0.0,0,0,19.955353051401445,19.042704981967432,12.955353051401445,12.042704981967434
42,4,4,0.0,0.0,0,0,11.12554449019565,11.12554449019565,7.125544490195652,7.125544490195652
42,7,7,0.0,0.0,0,0,19.859134118027956,19.859134118027956,12.859134118027958,12.859134118027958
42,5,5,0.0,0.0,0,0,14.065558403936311,14.065558403936311,9.065558403936311,9.065558403936311
42,5,5,0.0,0.0,0,0,13.850455005669662,13.811468649856629,8.85045500566966,8.811468649856627
42,5,5,0.0,0.0,0,0,14.079368163126839,13.645384740302923,9.079368163126839,8.645384740302923
42,6,6,0.0,0.0,0,0,17.398991113429013,16.59339512287869,11.398991113429016,10.593395122878688
42,9,9,0.0,0.0,0,0,24.619437937462116,24.462166851417177,15.619437937462115,15.462166851417177
42,5,5,0.0,0.0,0,0,14.425096730709429,14.425096730709429,9.425096730709429,9.425096730709429
42,7,7,0.0,0.0,0,0,19.820633430153784,19.820633430153784,12.820633430153784,12.820633430153784
42,6,6,0.0,0.0,0,0,17.423875195675354,16.71956572802505,11.423875195675352,10.71956572802505
42,9,9,0.0,0.0,0,0,25.226312278842233,24.466132337699435,16.22631227884223,15.466132337699435
42,6,6,0.0,0.0,0,0,16.543871744130584,16.123980639068986,10.543871744130584,10.12398063906899
42,8,8,0.0,0.0,0,0,22.601783887725947,22.110873769717212,14.601783887725949,14.110873769717216
42,8,8,0.0,0.0,0,0,22.907251638684066,22.706958966172202,14.907251638684066,14.706958966172204
42,5,5,0.0,0.0,0,0,14.123790581008981,14.123790581008981,9.123790581008981,9.123790581008981
42,6,6,0.0,0.0,0,0,17.108568975894773,16.43755090742053,11.108568975894773,10.437550907420528
42,6,6,0.0,0.0,0,0,16.867876118421655,16.867876118421655,10.867876118421652,10.867876118421652
42,5,5,0.0,0.0,0,0,13.743759801888261,13.595015541452703,8.743759801888261,8.595015541452703
42,5,5,0.4,0.4,2,2,18.553584318576064,18.43355406464477,16.405814225160366,16.285783971229073
42,8,8,0.25,0.25,2,2,26.34112902731209,26.11739698844623,21.033842094416343,20.726251666580286
42,6,6,0.0,0.0,0,0,16.79576424969023,16.19861369972592,10.79576424969023,10.198613699725922
42,6,6,0.0,0.0,0,0,16.896943505984815,16.896943505984815,10.896943505984815,10.896943505984815
42,5,5,0.0,0.0,0,0,14.495504352531174,14.495504352531174,9.49550435253117,9.49550435253117
42,6,6,0.0,0.0,0,0,16.1772646642736,16.1772646642736,10.1772646642736,10.1772646642736
42,6,6,0.0,0.0,0,0,16.385797330218985,16.385797330218985,10.385797330218985,10.385797330218985
42,7,7,0.0,0.0,0,0,19.952636722067812,19.244514076880826,12.952636722067808,12.244514076880822
42,7,7,0.0,0.0,0,0,19.39078604085454,19.12052184690493,12.39078604085454,12.120521846904925
42,6,6,0.0,0.0,0,0,16.685814447050106,16.685814447050106,10.68581444705011,10.68581444705011
42,8,8,0.0,0.0,0,0,22.138142060541313,21.649446665350748,14.138142060541314,13.649446665350748
42,6,6,0.0,0.0,0,0,16.046271399533225,16.046271399533225,10.046271399533225,10.046271399533225
42,7,7,0.0,0.0,0,0,19.729846689684766,19.627341764197187,12.729846689684766,12.627341764197187
42,7,7,0.0,0.0,0,0,19.484946582230325,18.908696046462623,12.484946582230323,11.908696046462621
42,9,9,0.0,0.0,0,0,25.034889324528944,24.60407981266013,16.034889324528947,15.604079812660126
42,7,7,0.0,0.0,0,0,20.20378156653121,18.924710503615547,13.203781566531212,11.924710503615547
42,7,7,0.0,0.0,0,0,19.989362050023278,19.378826803052164,12.989362050023274,12.37882680305216
42,7,7,0.0,0.0,0,0,19.84006778079796,19.84006778079796,12.840067780797959,12.840067780797959
42,7,7,0.0,0.0,0,0,20.11746399329433,20.11746399329433,13.117463993294335,13.117463993294335
42,7,7,0.2857142857142857,0.0,2,0,24.0714166457009,19.58222326358832,19.789019386295685,12.58222326358832
42,8,8,0.0,0.0,0,0,22.30393152125236,22.167140463125715,14.303931521252357,14.167140463125717
42,9,9,0.0,0.0,0,0,25.319195048269687,24.36444174482375,16.319195048269684,15.36444174482375
42,12,12,0.0,0.0,0,0,33.21743174617434,32.65886213199441,21.217431746174334,20.65886213199441
42,4,4,0.5,0.0,2,0,15.595183236972622,11.000863484342348,14.252462540336893,7.000863484342348
42,6,6,0.0,0.0,0,0,17.065989432883015,16.739817629124083,11.065989432883015,10.739817629124083
42,5,5,0.0,0.0,0,0,14.446193449817999,13.729533816764704,9.446193449817997,8.729533816764704
42,8,8,0.0,0.0,0,0,22.546992153116385,21.801781640763476,14.546992153116388,13.80178164076348
42,5,5,0.0,0.0,0,0,14.582551793159766,14.582551793159766,9.582551793159764,9.582551793159764
42,9,9,0.0,0.0,0,0,23.74632277690476,23.74632277690476,14.746322776904755,14.746322776904755
42,5,5,0.0,0.0,0,0,14.044735304028025,14.044735304028025,9.044735304028023,9.044735304028023
42,6,6,0.0,0.0,0,0,16.423220489244944,16.423220489244944,10.423220489244942,10.423220489244942
42,8,8,0.0,0.0,0,0,22.047837499566455,22.047837499566455,14.047837499566455,14.047837499566455
42,10,10,0.0,0.0,0,0,27.64491110944973,27.64491110944973,17.644911109449733,17.644911109449733
42,8,8,0.0,0.0,0,0,22.34211674514595,22.14071529378392,14.342116745145951,14.140715293783918
42,5,5,0.0,0.0,0,0,14.132946777552444,14.132946777552444,9.132946777552444,9.132946777552444
42,7,7,0.0,0.0,0,0,19.59411412620296,19.283103866469958,12.594114126202959,12.283103866469956
42,8,8,0.0,0.0,0,0,22.263296541991515,21.53823052586117,14.263296541991515,13.538230525861174
42,7,7,0.0,0.0,0,0,19.83464736637189,19.038840621392,12.83464736637189,12.038840621392
42,6,6,0.3333333333333333,0.0,2,0,20.856392150434473,16.60833292438924,17.467772873546572,10.608332924389243
42,9,9,0.0,0.0,0,0,24.988178512807853,23.951550013765406,15.988178512807853,14.951550013765406
42,8,8,0.25,0.0,2,0,26.27370692611934,21.621149584648407,20.920271669194562,13.621149584648405
42,6,6,0.0,0.0,0,0,17.29287579310794,15.775752397016573,11.292875793107939,9.775752397016575
42,5,5,0.0,0.0,0,0,13.966366751164045,13.247601237632646,8.966366751164044,8.247601237632644
42,7,7,0.0,0.0,0,0,19.380625161798395,19.298021708164864,12.380625161798394,12.298021708164862
42,7,7,0.0,0.0,0,0,19.63336901586726,19.63336901586726,12.633369015867263,12.633369015867263
42,3,3,0.0,0.0,0,0,8.199992138676578,8.0653089231072,5.199992138676578,5.065308923107199
42,5,6,0.4,0.0,2,0,18.294141410593134,16.461379802229544,15.911753069495447,10.461379802229544
42,6,6,0.0,0.0,0,0,16.12374051683311,16.12374051683311,10.123740516833108,10.123740516833108
42,5,5,0.0,0.0,0,0,13.730229553652894,13.589591619472738,8.730229553652894,8.589591619472738
42,6,6,0.0,0.0,0,0,16.2695460569351,16.16951031220533,10.269546056935098,10.169510312205329
42,8,8,0.0,0.0,0,0,22.790345191793136,21.800571964520785,14.790345191793136,13.800571964520785
42,6,6,0.0,0.0,0,0,16.793298507032013,16.74192739227823,10.793298507032015,10.741927392278232
42,6,6,0.0,0.0,0,0,16.513273824219127,16.513273824219127,10.513273824219128,10.513273824219128
42,5,5,0.0,0.0,0,0,14.401868587514958,14.401868587514958,9.401868587514958,9.401868587514958
42,4,4,0.0,0.0,0,0,10.982644604385076,10.982644604385076,6.982644604385077,6.982644604385077
42,8,8,0.0,0.0,0,0,22.96065007463082,22.1930307503494,14.96065007463082,14.193030750349402
42,5,5,0.0,0.0,0,0,13.753310658633659,13.753310658633659,8.753310658633659,8.753310658633659
42,8,8,0.0,0.0,0,0,22.401893590332257,22.401893590332257,14.40189359033226,14.40189359033226
42,4,4,0.0,0.0,0,0,11.071723802413242,11.031768865049973,7.071723802413241,7.0317688650499734
42,8,8,0.0,0.0,0,0,22.121046199840563,21.27518560223973,14.121046199840563,13.27518560223973
42,4,4,0.0,0.0,0,0,11.831732014977835,10.921478438121895,7.8317320149778356,6.921478438121894
43,6,6,0.0,0.0,0,0,16.946375614279475,16.946375614279475,10.946375614279473,10.946375614279473
43,8,8,0.0,0.0,0,0,21.984700958601167,21.984700958601167,13.984700958601165,13.984700958601165
43,5,5,0.0,0.0,0,0,13.436606366748535,13.436606366748535,8.436606366748535,8.436606366748535
43,5,5,0.0,0.0,0,0,14.12691237415576,13.587686477334808,9.12691237415576,8.587686477334808
43,6,6,0.0,0.0,0,0,16.41437615183933,16.07920703390836,10.414376151839331,10.079207033908363
43,9,9,0.0,0.0,0,0,23.972943877664136,23.972943877664136,14.97294387766414,14.97294387766414
43,4,4,0.0,0.0,0,0,11.474269313453302,10.964893277530004,7.474269313453302,6.964893277530006
43,6,6,0.0,0.0,0,0,17.200664797572855,16.82650052170765,11.200664797572855,10.82650052170765
43,8,8,0.0,0.0,0,0,23.026511343545145,23.026511343545145,15.026511343545144,15.026511343545144
43,5,5,0.0,0.0,0,0,13.491341467531825,13.491341467531825,8.491341467531825,8.491341467531825
43,6,6,0.0,0.0,0,0,17.264790586439652,16.728980395040477,11.264790586439652,10.728980395040477
43,10,10,0.0,0.0,0,0,26.78321979287894,26.78321979287894,16.78321979287894,16.78321979287894
43,5,5,0.0,0.0,0,0,13.742823837483012,13.742823837483012,8.742823837483012,8.742823837483012
43,6,6,0.0,0.0,0,0,16.566091105910647,16.566091105910647,10.566091105910646,10.566091105910646
43,9,9,0.0,0.0,0,0,24.89700315508025,24.2416714189949,15.897003155080249,15.241671418994901
43,6,6,0.0,0.0,0,0,17.005923960598025,17.005923960598025,11.005923960598023,11.005923960598023
43,7,8,0.2857142857142857,0.0,2,0,24.13522893104787,21.710268833784195,19.807501944470342,13.7102688337842
43,4,4,0.0,0.0,0,0,11.625240819957883,11.010216020197653,7.6252408199578845,7.010216020197654
43,4,4,0.0,0.0,0,0,11.6429107152431,11.6429107152431,7.642910715243099,7.642910715243099
43,6,6,0.0,0.0,0,0,16.957869042193657,16.283845711641494,10.957869042193655,10.283845711641495
43,6,6,0.0,0.0,0,0,16.45137143982639,16.45137143982639,10.451371439826389,10.451371439826389
43,11,11,0.0,0.0,0,0,30.927611745397282,30.836253029226768,19.927611745397282,19.836253029226764
43,6,6,0.0,0.0,0,0,16.88927997225985,15.708172688608887,10.889279972259851,9.708172688608885
43,5,5,0.4,0.0,2,0,18.400241958378555,13.6481749895096,16.154961863868323,8.6481749895096
43,5,5,0.0,0.0,0,0,13.980337124150408,13.851801201793759,8.980337124150406,8.851801201793757
43,6,6,0.3333333333333333,0.0,2,0,21.461397973789868,16.324273914558233,18.08291816233142,10.32427391455823
43,6,6,0.0,0.0,0,0,16.401490929077518,16.401490929077518,10.401490929077516,10.401490929077516
43,8,8,0.0,0.0,0,0,22.481418302420586,22.324116456909977,14.481418302420586,14.32411645690998
43,7,7,0.0,0.0,0,0,20.537716542941904,19.356806386538942,13.537716542941903,12.356806386538938
43,10,11,0.2,0.0,2,0,32.689084476931214,29.96913659280403,25.397174898859483,18.96913659280403
43,6,6,0.0,0.0,0,0,16.4144328543477,16.293545237044015,10.4144328543477,10.293545237044016
43,6,6,0.0,0.0,0,0,17.38600335772583,16.24103228063444,11.38600335772583,10.24103228063444
43,8,8,0.25,0.0,2,0,26.549258766684392,21.710196086111445,21.145872043596388,13.710196086111448
43,7,7,0.0,0.0,0,0,19.923165262550718,19.18224171668005,12.923165262550718,12.182241716680046
43,6,6,0.0,0.0,0,0,16.893903132816924,16.531272860466956,10.893903132816924,10.531272860466956
43,5,5,0.0,0.0,0,0,14.112076380266922,14.046787538906155,9.112076380266922,9.046787538906155
43,6,6,0.0,0.0,0,0,16.989542505021515,16.989542505021515,10.989542505021515,10.989542505021515
43,12,12,0.0,0.0,0,0,32.79555597421673,32.79555597421673,20.795555974216736,20.795555974216736
43,13,13,0.0,0.0,0,0,36.74984203040724,35.87049553409346,23.749842030407233,22.87049553409345
43,6,6,0.0,0.0,0,0,16.307364017575217,16.307364017575217,10.307364017575217,10.307364017575217
43,4,4,0.0,0.0,0,0,11.019992458921097,11.019992458921097,7.019992458921099,7.019992458921099
43,7,7,0.0,0.0,0,0,19.447806694220965,19.447806694220965,12.447806694220963,12.447806694220963
43,9,9,0.0,0.0,0,0,25.1894353556666,25.1894353556666,16.189435355666603,16.189435355666603
43,6,7,0.3333333333333333,0.0,2,0,20.800220121215634,18.711863770845614,17.43680289900006,11.711863770845616
43,6,6,0.0,0.0,0,0,16.9787834372176,16.37032109609116,10.9787834372176,10.37032109609116
43,5,5,0.0,0.0,0,0,13.968221649300865,13.968221649300865,8.968221649300865,8.968221649300865
43,7,7,0.0,0.0,0,0,19.760180280722853,19.125819908484527,12.760180280722853,12.125819908484527
43,5,5,0.0,0.0,0,0,13.791286304115765,13.791286304115765,8.791286304115765,8.791286304115765
43,8,8,0.0,0.0,0,0,21.949310018854305,21.949310018854305,13.949310018854307,13.949310018854307
43,6,6,0.0,0.0,0,0,16.913660581122844,16.637558063425423,10.913660581122844,10.637558063425423
43,8,8,0.0,0.0,0,0,21.664227414085083,21.664227414085083,13.664227414085087,13.664227414085087
43,9,9,0.0,0.0,0,0,24.474761933045293,24.43015075021816,15.47476193304529,15.43015075021816
43,7,7,0.0,0.0,0,0,19.56259368446177,19.56259368446177,12.56259368446177,12.56259368446177
43,6,6,0.0,0.0,0,0,16.798911588968256,16.28302839397915,10.798911588968252,10.283028393979151
43,7,7,0.0,0.0,0,0,19.088784401112743,18.798803298267664,12.088784401112743,11.79880329826766
43,9,9,0.0,0.0,0,0,25.598934723379525,24.758049529587886,16.598934723379525,15.758049529587886
43,3,3,0.6666666666666666,0.6666666666666666,2,2,12.813050256211373,12.813050256211373,12.479591795999,12.479591795999
43,6,6,0.0,0.0,0,0,17.191414263248237,17.191414263248237,11.19141426324824,11.19141426324824
43,7,7,0.0,0.0,0,0,19.371331946780316,19.371331946780316,12.371331946780316,12.371331946780316
43,7,7,0.0,0.0,0,0,19.234822745299425,18.850228776393354,12.234822745299427,11.850228776393354
43,6,6,0.0,0.0,0,0,16.398253754828392,16.398253754828392,10.398253754828392,10.398253754828392
43,5,5,0.0,0.0,0,0,13.510904273295218,13.510904273295218,8.510904273295216,8.510904273295216
43,9,9,0.0,0.0,0,0,24.527555075226058,24.033051359972546,15.527555075226054,15.033051359972546
43,8,8,0.0,0.0,0,0,23.21755626905518,22.301673950579243,15.217556269055185,14.301673950579245
43,5,5,0.4,0.0,2,0,18.036772874970058,13.884688479699989,15.95385360086507,8.884688479699987
43,8,8,0.0,0.0,0,0,22.610199504702354,21.30427269901552,14.61019950470235,13.304272699015518
43,6,6,0.0,0.0,0,0,16.192334055249574,16.111898577414166,10.192334055249573,10.111898577414166
43,3,3,0.0,0.0,0,0,8.714084466000728,8.714084466000728,5.7140844660007275,5.7140844660007275
43,8,8,0.0,0.0,0,0,21.981564259489293,21.981564259489293,13.981564259489293,13.981564259489293
43,8,8,0.25,0.25,2,2,26.743608198378055,26.143976086286695,21.343147693884163,20.651518058448524
43,6,6,0.0,0.0,0,0,17.043988558501717,16.542902461366214,11.043988558501718,10.542902461366213
43,5,5,0.0,0.0,0,0,14.846601742170428,13.134405998090081,9.846601742170424,8.13440599809008
43,9,9,0.0,0.0,0,0,25.048170446215725,24.8631422864429,16.048170446215725,15.863142286442903
43,5,5,0.0,0.0,0,0,13.323548594179034,13.323548594179034,8.323548594179035,8.323548594179035
43,7,7,0.0,0.0,0,0,19.69574972679541,19.69574972679541,12.69574972679541,12.69574972679541
43,5,5,0.0,0.0,0,0,13.641364807738112,13.641364807738112,8.641364807738112,8.641364807738112
43,8,8,0.0,0.0,0,0,21.386591228968577,21.386591228968577,13.386591228968578,13.386591228968578
43,5,5,0.0,0.0,0,0,13.81769861348749,13.81769861348749,8.81769861348749,8.81769861348749
43,5,5,0.0,0.0,0,0,14.53318328738353,14.142928564569052,9.53318328738353,9.14292856456905
43,5,5,0.0,0.0,0,0,13.94022202038932,13.94022202038932,8.94022202038932,8.94022202038932
43,7,7,0.0,0.0,0,0,19.633055669397905,19.322302426335018,12.633055669397905,12.322302426335018
43,6,6,0.0,0.0,0,0,16.906191888609385,16.826296164873035,10.906191888609385,10.826296164873037
43,5,5,0.0,0.0,0,0,13.559943246813859,13.289550857381958,8.559943246813859,8.28955085738196
43,4,4,0.0,0.0,0,0,11.043355949667273,10.594816105631375,7.043355949667271,6.594816105631375
43,5,5,0.0,0.0,0,0,14.313129388438133,14.149778386852791,9.313129388438133,9.14977838685279
43,6,6,0.0,0.0,0,0,16.735815945956123,15.984845730621533,10.735815945956123,9.984845730621535
43,4,4,0.5,0.5,2,2,15.558531568242735,15.558531568242735,14.177305620141976,14.177305620141976
43,6,6,0.0,0.0,0,0,16.70407865425362,16.26371296299061,10.704078654253621,10.263712962990608
43,7,7,0.2857142857142857,0.0,2,0,23.65790973241672,18.735572504426294,19.350655355820265,11.735572504426296
43,9,9,0.0,0.0,0,0,25.310986573485092,24.951877521097213,16.310986573485096,15.951877521097218
43,5,5,0.0,0.0,0,0,13.756535851783557,13.756535851783557,8.756535851783557,8.756535851783557
43,9,9,0.0,0.0,0,0,25.151754229980305,24.43211279649207,16.151754229980305,15.43211279649207
43,5,5,0.0,0.0,0,0,13.832946421200441,13.57861766485686,8.832946421200443,8.57861766485686
43,7,7,0.0,0.0,0,0,19.451778181354182,19.328165128885615,12.451778181354182,12.328165128885615
43,4,4,0.0,0.0,0,0,10.452612639374358,10.452612639374358,6.452612639374359,6.452612639374359
43,7,7,0.0,0.0,0,0,20.330506277193056,19.784869816625115,13.330506277193056,12.784869816625115
43,5,5,0.0,0.0,0,0,13.86503054271062,13.86503054271062,8.86503054271062,8.86503054271062
43,5,5,0.0,0.0,0,0,14.043475863987998,13.963344986267677,9.043475863987998,8.963344986267678
43,7,7,0.0,0.0,0,0,19.181793867638984,19.181793867638984,12.181793867638985,12.181793867638985
43,6,6,0.0,0.0,0,0,17.267000254425916,17.267000254425916,11.267000254425916,11.267000254425916
44,7,7,0.0,0.0,0,0,19.333514875599484,19.01161684249689,12.333514875599485,12.01161684249689
44,8,8,0.25,0.25,2,2,26.821673325236084,25.82820391168291,21.499478187905527,20.582332421132673
44,4,4,0.5,0.0,2,0,15.62026993968001,11.31999899112697,14.434796756740042,7.319998991126971
44,8,8,0.0,0.0,0,0,22.346185657771272,22.17930327171606,14.346185657771272,14.179303271716059
44,6,7,0.5,0.0,3,0,23.56353026811164,18.966377054406905,21.641968778382964,11.966377054406905
44,5,5,0.4,0.0,2,0,18.511111602250573,14.144484623987353,16.28187108863297,9.144484623987353
44,5,5,0.4,0.0,2,0,18.590224032825237,13.64468347313884,16.119831382502742,8.64468347313884
44,5,5,0.0,0.0,0,0,14.165389729471805,13.558277692925813,9.165389729471805,8.558277692925815
44,7,7,0.0,0.0,0,0,19.910249549423373,19.150591751997236,12.910249549423375,12.150591751997238
44,4,4,0.0,0.0,0,0,11.137509763916846,11.137509763916846,7.137509763916846,7.137509763916846
44,4,4,0.0,0.0,0,0,11.252082740231733,11.237928033660303,7.252082740231733,7.237928033660304
44,5,5,0.0,0.0,0,0,14.198672869824513,14.198672869824513,9.198672869824513,9.198672869824513
44,8,8,0.0,0.0,0,0,22.36948538878147,21.69260372414976,14.369485388781472,13.69260372414976
44,7,7,0.0,0.0,0,0,19.081991930218834,19.081991930218834,12.081991930218837,12.081991930218837
44,6,6,0.0,0.0,0,0,16.647825021862054,16.492388887957063,10.647825021862058,10.492388887957063
44,6,6,0.0,0.0,0,0,16.705606544235476,16.705606544235476,10.705606544235476,10.705606544235476
44,7,7,0.0,0.0,0,0,19.51139830582632,19.51139830582632,12.51139830582632,12.51139830582632
44,4,4,0.5,0.0,2,0,15.520534485431305,10.629385513254196,14.422592893528474,6.629385513254194
44,4,4,0.0,0.0,0,0,11.647460867388642,10.666107305164399,7.6474608673886415,6.666107305164398
44,7,7,0.0,0.0,0,0,20.281950115546852,18.50388823297139,13.281950115546856,11.503888232971391
44,5,5,0.0,0.0,0,0,14.208737663113086,14.208737663113086,9.208737663113086,9.208737663113086
44,9,9,0.0,0.0,0,0,25.101457912068028,25.060331136331826,16.10145791206803,16.06033113633183
44,4,4,0.0,0.0,0,0,11.029911068859189,10.783328484947862,7.02991106885919,6.783328484947861
44,5,5,0.0,0.0,0,0,14.463792968156113,14.156682578436474,9.463792968156111,9.156682578436474
44,9,9,0.0,0.0,0,0,24.85144377537328,24.367183199264,15.851443775373273,15.367183199263996
44,4,5,0.5,0.0,2,0,15.493985384883384,13.539334910054576,14.084106070592172,8.539334910054576
44,5,5,0.0,0.0,0,0,14.467463942871854,13.671200664063498,9.467463942871854,8.6712006640635
44,7,7,0.0,0.0,0,0,19.368904779090784,19.255447197349973,12.368904779090782,12.255447197349971
44,8,8,0.0,0.0,0,0,22.647280977158232,21.96294714401409,14.647280977158234,13.962947144014091
44,8,8,0.0,0.0,0,0,22.532065961430682,22.532065961430682,14.53206596143068,14.53206596143068
44,5,5,0.0,0.0,0,0,13.735950759154278,13.735950759154278,8.735950759154278,8.735950759154278
44,9,9,0.0,0.0,0,0,25.437059102182992,24.94819250616456,16.437059102182996,15.94819250616456
44,4,4,0.0,0.0,0,0,10.979676473286512,10.979029891396534,6.979676473286511,6.979029891396534
44,7,7,0.0,0.0,0,0,19.754704696456486,19.043871547041135,12.754704696456484,12.043871547041137
44,5,5,0.0,0.0,0,0,13.380093318424601,13.380093318424601,8.380093318424603,8.380093318424603
44,6,6,0.0,0.0,0,0,16.563542020614555,16.563542020614555,10.563542020614555,10.563542020614555
44,5,5,0.0,0.0,0,0,13.24888458650824,13.24888458650824,8.24888458650824,8.24888458650824
44,7,7,0.0,0.0,0,0,19.160080360633252,19.160080360633252,12.160080360633252,12.160080360633252
44,7,7,0.0,0.0,0,0,19.8250188516531,19.8250188516531,12.825018851653097,12.825018851653097
44,4,4,0.0,0.0,0,0,11.586187034083668,11.586187034083668,7.586187034083669,7.586187034083669
44,9,9,0.0,0.0,0,0,25.129298938480364,24.36503281797641,16.12929893848036,15.36503281797641
44,8,8,0.0,0.0,0,0,21.652430576997723,21.652430576997723,13.652430576997725,13.652430576997725
44,4,5,0.5,0.0,2,0,15.567743236142157,13.299463382469025,14.322949230875,8.299463382469025
44,6,6,0.0,0.0,0,0,16.778150832506952,16.778150832506952,10.778150832506952,10.778150832506952
44,8,8,0.0,0.0,0,0,22.229606163269413,22.229606163269413,14.229606163269413,14.229606163269413
44,5,5,0.0,0.0,0,0,13.19752954428208,13.19752954428208,8.197529544282078,8.197529544282078
44,8,8,0.0,0.0,0,0,22.188927584847004,21.195976446258406,14.188927584847002,13.195976446258404
44,8,8,0.0,0.0,0,0,22.388314219702313,22.388314219702313,14.388314219702313,14.388314219702313
44,6,6,0.0,0.0,0,0,16.900296082183115,16.15863929794527,10.900296082183113,10.15863929794527
44,4,4,0.0,0.0,0,0,11.562644642131911,10.741165183039442,7.562644642131911,6.74116518303944
44,8,8,0.0,0.0,0,0,21.949268971573982,21.700144645237454,13.949268971573984,13.700144645237456
44,7,7,0.0,0.0,0,0,19.95184517832884,19.71419676573919,12.951845178328838,12.71419676573919
44,5,5,0.0,0.0,0,0,13.960008498422205,13.960008498422205,8.960008498422207,8.960008498422207
44,6,6,0.0,0.0,0,0,17.52804752832562,16.24091402858248,11.528047528325617,10.24091402858248
44,7,8,0.2857142857142857,0.0,2,0,24.295139444232735,21.843571304851327,19.96917031689385,13.843571304851327
44,6,6,0.0,0.0,0,0,17.000021911162655,16.984554642148634,11.000021911162655,10.984554642148632
44,6,6,0.0,0.0,0,0,16.866639650666926,16.503458906148616,10.86663965066693,10.503458906148616
44,4,5,0.5,0.0,2,0,15.222556017671863,13.368141109634387,13.609306912355533,8.368141109634387
44,6,6,0.0,0.0,0,0,17.105338433792966,17.105338433792966,11.105338433792964,11.105338433792964
44,5,5,0.0,0.0,0,0,13.805443909177914,13.172430350913785,8.805443909177912,8.172430350913785
44,7,7,0.0,0.0,0,0,19.470155992109586,19.39582397046463,12.470155992109587,12.395823970464631
44,6,6,0.0,0.0,0,0,16.937841758121166,16.28097598314056,10.937841758121168,10.280975983140559
44,5,5,0.0,0.0,0,0,14.131581156304959,14.131581156304959,9.131581156304959,9.131581156304959
44,8,8,0.0,0.0,0,0,22.29660594236483,22.29660594236483,14.296605942364835,14.296605942364835
44,4,4,0.0,0.0,0,0,11.490709996368695,11.490709996368695,7.490709996368695,7.490709996368695
44,4,4,0.0,0.0,0,0,11.208792367251117,11.144634866153622,7.208792367251117,7.1446348661536225
44,7,7,0.0,0.0,0,0,19.53822091610143,19.53822091610143,12.538220916101428,12.538220916101428
44,6,6,0.3333333333333333,0.0,2,0,21.27463630435323,16.774727967332623,17.931568057656477,10.774727967332623
44,11,11,0.0,0.0,0,0,30.614878261280225,29.713380699237106,19.614878261280225,18.713380699237106
44,7,7,0.0,0.0,0,0,19.872542520727595,19.768659333859674,12.872542520727597,12.768659333859672
44,5,5,0.0,0.0,0,0,14.51726747124518,13.607618836787553,9.51726747124518,8.607618836787553
44,7,7,0.0,0.0,0,0,19.932114969325873,18.882894071804998,12.932114969325873,11.882894071804998
44,3,3,0.0,0.0,0,0,7.9210004859935985,7.9210004859935985,4.921000485993599,4.921000485993599
44,4,4,0.0,0.0,0,0,11.48381748699442,11.48381748699442,7.48381748699442,7.48381748699442
44,6,6,0.3333333333333333,0.0,2,0,21.323029239169664,16.156400807058592,17.75778830150788,10.15640080705859
44,5,5,0.0,0.0,0,0,13.878727932182496,13.878727932182496,8.878727932182494,8.878727932182494
44,6,6,0.0,0.0,0,0,16.43923434565393,16.43923434565393,10.439234345653931,10.439234345653931
44,6,6,0.0,0.0,0,0,16.171280993396294,16.171280993396294,10.171280993396294,10.171280993396294
44,5,5,0.0,0.0,0,0,14.679915320641566,13.945508531292974,9.679915320641566,8.945508531292976
44,4,5,0.5,0.0,2,0,15.658307381337725,13.661979858089836,14.35884589501633,8.661979858089836
44,6,6,0.0,0.0,0,0,16.68463978506109,16.284198789677284,10.684639785061089,10.284198789677285
44,8,8,0.0,0.0,0,0,22.65176986883497,22.65176986883497,14.651769868834974,14.651769868834974
44,10,10,0.0,0.0,0,0,27.68081863159638,26.855376855806732,17.680818631596377,16.855376855806732
44,8,8,0.0,0.0,0,0,22.179425167483146,22.179425167483146,14.179425167483151,14.179425167483151
44,5,5,0.0,0.0,0,0,14.131327886159873,14.131327886159873,9.131327886159871,9.131327886159871
44,6,6,0.0,0.0,0,0,16.515760947558977,16.10522740460233,10.515760947558976,10.105227404602333
44,11,11,0.0,0.0,0,0,31.007162794460907,30.499264469297653,20.007162794460907,19.499264469297653
44,5,5,0.4,0.0,2,0,18.363093480589235,13.533173797483613,16.101611634390427,8.533173797483613
44,5,5,0.0,0.0,0,0,13.780010357006176,13.30030519173005,8.780010357006176,8.30030519173005
44,6,6,0.0,0.0,0,0,15.959355153162871,15.959355153162871,9.959355153162871,9.959355153162871
44,4,4,0.0,0.0,0,0,11.059292590344985,11.059292590344985,7.059292590344985,7.059292590344985
44,3,3,0.0,0.0,0,0,8.607720096410915,8.607720096410915,5.607720096410914,5.607720096410914
44,8,8,0.0,0.0,0,0,22.6323730875628,22.6323730875628,14.632373087562803,14.632373087562803
44,4,4,0.0,0.0,0,0,11.128745587978777,11.128745587978777,7.128745587978779,7.128745587978779
44,5,5,0.0,0.0,0,0,13.481271988841893,13.380631250901772,8.481271988841893,8.380631250901772
44,6,6,0.0,0.0,0,0,16.626864949327306,16.267305956281568,10.626864949327306,10.267305956281568
44,6,6,0.0,0.0,0,0,16.906875979568262,16.482096318066805,10.90687597956826,10.482096318066805
44,4,4,0.0,0.0,0,0,11.379939335956125,11.379939335956125,7.379939335956126,7.379939335956126
44,8,8,0.0,0.0,0,0,22.5997588616174,22.243935043000963,14.5997588616174,14.243935043000967
44,6,6,0.0,0.0,0,0,16.848691186751616,16.745161483799855,10.848691186751617,10.745161483799855
45,6,6,0.3333333333333333,0.0,2,0,20.916529364994297,16.611994305448,17.601221233403436,10.611994305447997
45,3,3,0.0,0.0,0,0,8.820131813663181,8.820131813663181,5.820131813663181,5.820131813663181
45,8,8,0.0,0.0,0,0,21.856967887184524,21.856967887184524,13.856967887184522,13.856967887184522
45,7,7,0.0,0.0,0,0,20.116855989804243,20.116855989804243,13.116855989804241,13.116855989804241
45,7,7,0.0,0.0,0,0,19.790911384421168,19.500129445339834,12.790911384421166,12.500129445339834
45,9,9,0.0,0.0,0,0,25.266883450648002,24.685835239859433,16.266883450648002,15.685835239859431
45,7,7,0.0,0.0,0,0,19.412882714504214,19.412882714504214,12.412882714504214,12.412882714504214
45,4,4,0.0,0.0,0,0,11.03884876933136,11.03884876933136,7.0388487693313575,7.0388487693313575
45,6,7,0.3333333333333333,0.0,2,0,20.756105173349447,18.5248006121943,17.180237202212663,11.524800612194301
45,9,9,0.0,0.0,0,0,25.349175343873476,25.349175343873476,16.349175343873476,16.349175343873476
45,7,7,0.0,0.0,0,0,19.2236654486897,18.53222206013965,12.223665448689703,11.53222206013965
45,6,6,0.0,0.0,0,0,16.12705376021925,16.12705376021925,10.12705376021925,10.12705376021925
45,6,6,0.0,0.0,0,0,16.93347546061185,16.57797969763393,10.93347546061185,10.57797969763393
45,5,5,0.0,0.0,0,0,14.533002773222613,14.533002773222613,9.533002773222613,9.533002773222613
45,3,3,0.0,0.0,0,0,8.476183311752795,8.476183311752795,5.476183311752797,5.476183311752797
45,9,9,0.0,0.0,0,0,24.47095022593627,24.24888551719435,15.47095022593627,15.248885517194353
45,10,10,0.0,0.0,0,0,28.297575724653203,28.297575724653203,18.297575724653203,18.297575724653203
45,7,7,0.0,0.0,0,0,19.47788291246935,19.47788291246935,12.477882912469353,12.477882912469353
45,6,6,0.0,0.0,0,0,16.93709086800872,16.692245984319655,10.937090868008722,10.692245984319653
45,3,3,0.6666666666666666,0.6666666666666666,2,2,12.828933137230973,12.828933137230973,12.192744778440375,12.192744778440375
45,4,4,0.5,0.0,2,0,15.455289025492418,11.202247066528813,13.909200529182117,7.2022470665288125
45,4,4,0.0,0.0,0,0,10.743574717232892,10.743574717232892,6.7435747172328915,6.7435747172328915
45,5,5,0.0,0.0,0,0,14.023426158186815,14.023426158186815,9.023426158186814,9.023426158186814
45,7,7,0.0,0.0,0,0,19.653875808763846,19.653875808763846,12.653875808763846,12.653875808763846
45,4,4,0.0,0.0,0,0,11.3914350949314,11.034353852468353,7.3914350949314,7.034353852468352
45,8,8,0.0,0.0,0,0,22.76512197853093,21.67782463933516,14.765121978530928,13.677824639335157
45,6,6,0.0,0.0,0,0,17.42668655434587,17.42668655434587,11.42668655434587,11.42668655434587
45,10,10,0.2,0.0,2,0,32.030764189264175,27.221439218082168,24.34698398541191,17.221439218082168
45,4,4,0.0,0.0,0,0,11.14546097853853,11.013082203364199,7.145460978538529,7.0130822033642
45,5,5,0.4,0.4,2,2,18.506998629234534,18.506998629234534,16.248283995877877,16.248283995877877
45,5,5,0.0,0.0,0,0,14.156751936613393,14.156751936613393,9.156751936613391,9.156751936613391
45,5,5,0.0,0.0,0,0,14.030278319392018,14.030278319392018,9.030278319392018,9.030278319392018
45,6,7,0.3333333333333333,0.0,2,0,21.182596741996303,18.934466481892642,17.846433711115914,11.934466481892642
45,8,8,0.0,0.0,0,0,22.94132929042219,22.41837750886577,14.941329290422185,14.418377508865772
45,11,11,0.0,0.0,0,0,31.054030930466666,29.521793057153456,20.054030930466663,18.521793057153456
45,6,6,0.0,0.0,0,0,17.11905422686937,16.261805258318248,11.11905422686937,10.261805258318251
45,4,4,0.0,0.0,0,0,10.767259362691195,10.767259362691195,6.767259362691195,6.767259362691195
45,5,5,0.0,0.0,0,0,14.091328803642341,14.091328803642341,9.091328803642341,9.091328803642341
45,6,6,0.3333333333333333,0.0,2,0,21.097760787204937,16.398268762910824,17.53551352617552,10.398268762910822
45,5,5,0.4,0.0,2,0,18.330805539080277,14.091770257636176,15.82053708516669,9.091770257636174
45,7,7,0.0,0.0,0,0,20.19459252009709,20.19459252009709,13.194592520097089,13.194592520097089
45,4,4,0.0,0.0,0,0,11.452303234751541,11.452303234751541,7.452303234751541,7.452303234751541
45,5,5,0.0,0.0,0,0,14.600976238830075,13.80665357641498,9.600976238830077,8.80665357641498
45,6,6,0.0,0.0,0,0,16.820181002690635,16.820181002690635,10.820181002690639,10.820181002690639
45,6,6,0.0,0.0,0,0,16.122603204179526,15.987097009374638,10.122603204179526,9.987097009374638
45,6,6,0.3333333333333333,0.0,2,0,20.92060965529234,15.833356711511009,17.3316271042506,9.833356711511009
45,8,8,0.0,0.0,0,0,22.208454441007763,22.208454441007763,14.208454441007763,14.208454441007763
45,5,5,0.0,0.0,0,0,14.228864983394073,14.228864983394073,9.228864983394073,9.228864983394073
45,6,6,0.0,0.0,0,0,17.270143677165507,16.259351885743218,11.270143677165505,10.25935188574322
45,5,5,0.0,0.0,0,0,13.851919799721632,13.851919799721632,8.851919799721632,8.851919799721632
45,4,4,0.0,0.0,0,0,11.143874444572836,11.143874444572836,7.143874444572836,7.143874444572836
45,7,7,0.2857142857142857,0.0,2,0,24.09013005260362,19.723938298491486,19.708461783098564,12.72393829849149
45,5,5,0.0,0.0,0,0,13.695235452859631,13.388599829816691,8.695235452859631,8.388599829816691
45,5,6,0.4,0.0,2,0,18.332634362531692,15.955987194225495,16.062240270912188,9.955987194225495
45,5,6,0.4,0.0,2,0,18.050278434581898,16.09995787394275,15.797194426913144,10.09995787394275
45,6,7,0.3333333333333333,0.0,2,0,21.25660292546745,18.779998352035314,17.834843071533214,11.779998352035314
45,8,8,0.0,0.0,0,0,21.724814500914107,21.724814500914107,13.724814500914107,13.724814500914107
45,7,7,0.0,0.0,0,0,19.184497239833842,19.184497239833842,12.184497239833838,12.184497239833838
45,7,7,0.0,0.0,0,0,19.863693420993066,19.109369135209285,12.863693420993068,12.109369135209286
45,7,7,0.0,0.0,0,0,19.281919866256757,19.17881077905101,12.281919866256757,12.178810779051009
45,3,3,0.0,0.0,0,0,8.547100412081896,8.547100412081896,5.547100412081897,5.547100412081897
45,3,3,0.0,0.0,0,0,8.269580674669744,8.269580674669744,5.269580674669745,5.269580674669745
45,9,9,0.0,0.0,0,0,25.133456531634298,25.133456531634298,16.133456531634298,16.133456531634298
45,5,5,0.0,0.0,0,0,13.791504503618576,13.666353083832199,8.791504503618578,8.666353083832199
45,6,6,0.3333333333333333,0.0,2,0,21.28881786688057,16.65912760542564,17.991455407491312,10.659127605425638
45,5,5,0.0,0.0,0,0,13.426329012106425,13.426329012106425,8.426329012106427,8.426329012106427
45,3,3,0.0,0.0,0,0,8.536349194885542,8.536349194885542,5.536349194885543,5.536349194885543
45,12,12,0.0,0.0,0,0,34.03825257300076,32.827239539785786,22.038252573000758,20.827239539785786
45,7,7,0.0,0.0,0,0,19.667937288132386,19.067576078695904,12.667937288132388,12.067576078695906
45,7,7,0.0,0.0,0,0,19.878268466516978,19.74036351751734,12.878268466516978,12.740363517517341
45,5,5,0.0,0.0,0,0,14.02570595423289,13.588095147800876,9.02570595423289,8.588095147800876
45,7,7,0.0,0.0,0,0,19.757846195666,19.757846195666,12.757846195666001,12.757846195666001
45,4,4,0.5,0.5,2,2,15.487102600893834,15.349216033891599,14.121675875098589,14.023836835438733
45,5,6,0.4,0.0,2,0,17.925186529690198,16.056146404427583,15.684203615068153,10.056146404427583
45,5,5,0.0,0.0,0,0,14.192444948251067,13.968224007177561,9.192444948251065,8.96822400717756
45,7,7,0.0,0.0,0,0,19.09739257565889,18.7226323535008,12.09739257565889,11.7226323535008
45,9,9,0.0,0.0,0,0,24.75090033869487,24.75090033869487,15.75090033869487,15.75090033869487
45,4,4,0.0,0.0,0,0,10.628600127553373,10.628600127553373,6.628600127553373,6.628600127553373
45,4,4,0.0,0.0,0,0,10.784489501258541,10.784489501258541,6.784489501258542,6.784489501258542
45,10,10,0.0,0.0,0,0,27.74411342666526,26.425829664396197,17.744113426665255,16.425829664396204
45,6,6,0.3333333333333333,0.0,2,0,22.195457291699377,17.361809008846315,18.6127357527929,11.361809008846317
45,8,8,0.0,0.0,0,0,22.080973132800775,21.78861150739313,14.080973132800775,13.788611507393131
45,12,12,0.0,0.0,0,0,34.51482086397426,34.32603105541489,22.514820863974258,22.32603105541489
45,4,4,0.0,0.0,0,0,10.841818719238901,10.841818719238901,6.841818719238901,6.841818719238901
45,3,3,0.0,0.0,0,0,8.32993643029141,8.32993643029141,5.32993643029141,5.32993643029141
45,7,7,0.0,0.0,0,0,19.270591033486284,19.259654394034655,12.270591033486278,12.259654394034655
45,6,6,0.0,0.0,0,0,17.04125479326482,16.529527536496023,11.041254793264821,10.529527536496024
45,5,5,0.0,0.0,0,0,13.90040641745323,13.90040641745323,8.900406417453231,8.900406417453231
45,8,8,0.0,0.0,0,0,22.699999929954092,22.699999929954092,14.699999929954092,14.699999929954092
45,8,8,0.0,0.0,0,0,22.36451187476814,22.36451187476814,14.364511874768143,14.364511874768143
45,6,6,0.0,0.0,0,0,16.79205384543364,16.21865727629391,10.792053845433639,10.21865727629391
45,4,4,0.0,0.0,0,0,11.274424964318875,11.121084236622902,7.274424964318874,7.121084236622901
45,6,6,0.0,0.0,0,0,16.685361388159286,16.4979051508051,10.685361388159285,10.4979051508051
45,6,6,0.3333333333333333,0.0,2,0,21.50150265422416,16.68323392212462,18.372426816135196,10.683233922124622
45,7,7,0.0,0.0,0,0,19.68531606641396,19.309649517529028,12.685316066413959,12.309649517529028
45,8,8,0.0,0.0,0,0,22.530665325599045,22.31901720911717,14.530665325599045,14.31901720911717
45,8,8,0.0,0.0,0,0,22.340402102999985,22.21386499412632,14.340402102999981,14.21386499412632
45,3,3,0.0,0.0,0,0,8.515740555875078,8.33302910766819,5.5157405558750785,5.333029107668191
45,7,7,0.0,0.0,0,0,20.169191323263817,19.57825076120977,13.169191323263817,12.57825076120977
45,5,5,0.0,0.0,0,0,13.361148699005849,13.333341825193259,8.361148699005847,8.333341825193259
46,8,8,0.0,0.0,0,0,21.996757399058307,21.996757399058307,13.996757399058303,13.996757399058303
46,6,6,0.0,0.0,0,0,17.21905695615216,17.21905695615216,11.21905695615216,11.21905695615216
46,7,7,0.0,0.0,0,0,19.806203634498605,19.129330289617442,12.806203634498603,12.129330289617442
46,9,9,0.0,0.0,0,0,25.806309396324362,25.270500363139384,16.806309396324362,16.270500363139384
46,4,4,0.5,0.5,2,2,15.668266227414804,15.668266227414804,14.170618953323912,14.170618953323912
46,5,5,0.0,0.0,0,0,13.83156624498292,13.780292797386242,8.83156624498292,8.780292797386243
46,4,4,0.0,0.0,0,0,10.541318932737864,10.541318932737864,6.541318932737864,6.541318932737864
46,4,4,0.0,0.0,0,0,11.03988793301455,11.03988793301455,7.039887933014549,7.039887933014549
46,8,8,0.0,0.0,0,0,22.770851585529257,22.695350941942223,14.770851585529257,14.695350941942223
46,10,10,0.0,0.0,0,0,28.48075943897203,27.67544311009722,18.480759438972036,17.675443110097216
46,5,5,0.0,0.0,0,0,13.776556171488544,13.776556171488544,8.776556171488547,8.776556171488547
46,8,8,0.0,0.0,0,0,22.58283396466247,22.58283396466247,14.582833964662472,14.582833964662472
46,4,4,0.0,0.0,0,0,10.940225984371367,10.940225984371367,6.940225984371368,6.940225984371368
46,4,4,0.0,0.0,0,0,11.112816461007904,11.112816461007904,7.112816461007903,7.112816461007903
46,8,8,0.0,0.0,0,0,22.462153531598997,21.546593977672078,14.462153531599,13.54659397767208
46,7,7,0.2857142857142857,0.0,2,0,24.08398132445183,20.06777574594378,19.94265599953023,13.06777574594378
46,4,4,0.5,0.0,2,0,15.59002744105713,10.669108493389128,13.851971404914448,6.669108493389128
46,6,6,0.0,0.0,0,0,17.189934244729017,17.189934244729017,11.189934244729017,11.189934244729017
46,5,5,0.0,0.0,0,0,14.080633343323779,13.648295351693676,9.080633343323779,8.648295351693676
46,11,11,0.0,0.0,0,0,30.343006579984817,29.91580028124412,19.343006579984813,18.91580028124412
46,5,5,0.0,0.0,0,0,13.69461152969746,13.69461152969746,8.69461152969746,8.69461152969746
46,8,8,0.0,0.0,0,0,22.508841227008094,21.3303498040015,14.508841227008094,13.3303498040015
46,10,10,0.0,0.0,0,0,27.35447451758425,27.35447451758425,17.35447451758425,17.35447451758425
46,3,3,0.0,0.0,0,0,8.372277908128414,8.372277908128414,5.372277908128415,5.372277908128415
46,3,3,0.6666666666666666,0.6666666666666666,2,2,12.652795225818465,12.652795225818465,12.49891460356696,12.49891460356696
46,6,6,0.0,0.0,0,0,17.087532430409716,16.076703733972117,11.087532430409714,10.076703733972115
46,5,5,0.0,0.0,0,0,13.515912272848292,13.405502865865701,8.51591227284829,8.405502865865701
46,4,4,0.0,0.0,0,0,10.876081995578947,10.876081995578947,6.8760819955789465,6.8760819955789465
46,3,3,0.0,0.0,0,0,8.340640087013728,8.340640087013728,5.340640087013728,5.340640087013728
46,6,6,0.0,0.0,0,0,16.622440016074773,16.596448484259383,10.622440016074773,10.596448484259387
46,7,7,0.0,0.0,0,0,19.604263577447988,19.042461909610736,12.604263577447991,12.042461909610736
46,6,6,0.0,0.0,0,0,16.437389836241916,16.437389836241916,10.437389836241914,10.437389836241914
46,4,4,0.0,0.0,0,0,10.827647155992867,10.827647155992867,6.827647155992867,6.827647155992867
46,8,8,0.0,0.0,0,0,22.061440864603593,22.061440864603593,14.061440864603593,14.061440864603593
46,5,5,0.0,0.0,0,0,14.52002410873187,14.52002410873187,9.520024108731873,9.520024108731873
46,7,7,0.0,0.0,0,0,19.25273477035539,19.25273477035539,12.252734770355389,12.252734770355389
46,5,5,0.0,0.0,0,0,13.796880828578807,13.796880828578807,8.796880828578805,8.796880828578805
46,8,8,0.0,0.0,0,0,22.687676960722513,21.756939864217127,14.687676960722513,13.756939864217127
46,6,6,0.0,0.0,0,0,16.672967035847915,15.853476219915656,10.672967035847915,9.853476219915656
46,6,6,0.0,0.0,0,0,16.732048361769156,16.40118691203758,10.732048361769156,10.40118691203758
46,6,6,0.0,0.0,0,0,16.948105522778743,16.948105522778743,10.948105522778745,10.948105522778745
46,5,5,0.0,0.0,0,0,13.947732320271506,13.947732320271506,8.947732320271506,8.947732320271506
46,6,6,0.0,0.0,0,0,17.47657388943335,17.101208345987374,11.47657388943335,11.101208345987374
46,3,3,0.0,0.0,0,0,7.868728474462363,7.868728474462363,4.868728474462363,4.868728474462363
46,3,3,0.0,0.0,0,0,8.804950275173784,8.804950275173784,5.804950275173782,5.804950275173782
46,8,8,0.0,0.0,0,0,22.266147783659253,21.877809407276946,14.266147783659255,13.877809407276946
46,5,5,0.0,0.0,0,0,14.266886052169571,13.89628621900788,9.266886052169571,8.89628621900788
46,7,7,0.0,0.0,0,0,19.53794851768563,19.004490364337546,12.537948517685631,12.004490364337546
46,5,5,0.4,0.0,2,0,18.2536187774353,13.706624744176503,15.919003145444375,8.706624744176503
46,8,8,0.0,0.0,0,0,22.34546506628599,21.520337084451388,14.345465066285993,13.520337084451384
46,5,5,0.0,0.0,0,0,13.879167830292719,13.625362817066517,8.879167830292719,8.625362817066517
46,5,5,0.0,0.0,0,0,14.24245717773982,14.094406543561888,9.24245717773982,9.094406543561888
46,5,5,0.0,0.0,0,0,14.147050237049147,14.018019358931014,9.147050237049148,9.018019358931015
46,4,4,0.0,0.0,0,0,11.275094758439888,10.831662663664236,7.275094758439888,6.831662663664237
46,9,9,0.0,0.0,0,0,25.363398927424164,25.019306487170756,16.36339892742416,16.019306487170756
46,5,5,0.0,0.0,0,0,14.133121368074946,13.550117582085338,9.133121368074946,8.550117582085338
46,8,8,0.25,0.0,2,0,27.481660238916685,22.94168179553956,22.31428117917837,14.941681795539559
46,10,10,0.0,0.0,0,0,27.93888078371494,27.188835253944884,17.938880783714936,17.188835253944884
46,7,8,0.2857142857142857,0.0,2,0,24.076608436158672,22.19625979224085,19.834448212804944,14.196259792240845
46,3,3,0.0,0.0,0,0,8.193400272324524,8.193400272324524,5.193400272324523,5.193400272324523
46,10,10,0.0,0.0,0,0,27.139074419797627,27.139074419797627,17.139074419797623,17.139074419797623
46,6,6,0.0,0.0,0,0,16.801327437077294,16.604222773636764,10.801327437077296,10.604222773636767
46,7,7,0.0,0.0,0,0,19.244804908199125,19.244804908199125,12.244804908199127,12.244804908199127
46,8,8,0.0,0.0,0,0,22.46003451749698,22.371419666225925,14.46003451749698,14.371419666225924
46,6,6,0.0,0.0,0,0,18.01453130304213,16.83605240274406,12.01453130304213,10.836052402744059
46,6,6,0.0,0.0,0,0,16.383792262936808,16.13817744487915,10.383792262936806,10.138177444879151
46,4,4,0.0,0.0,0,0,11.06298458968736,11.06298458968736,7.06298458968736,7.06298458968736
46,5,5,0.0,0.0,0,0,13.63058199803882,13.206356046626086,8.63058199803882,8.206356046626086
46,4,4,0.0,0.0,0,0,11.27792760616631,11.27792760616631,7.27792760616631,7.27792760616631
46,9,9,0.0,0.0,0,0,25.078683240142503,25.078683240142503,16.078683240142503,16.078683240142503
46,5,5,0.0,0.0,0,0,13.996319741661178,13.996319741661178,8.99631974166118,8.99631974166118
46,7,7,0.0,0.0,0,0,20.16509147607141,19.729221158217392,13.165091476071412,12.72922115821739
46,5,5,0.0,0.0,0,0,13.823361617337596,13.468235781426651,8.823361617337596,8.46823578142665
46,7,7,0.0,0.0,0,0,19.831705284075554,19.831705284075554,12.831705284075554,12.831705284075554
46,5,5,0.0,0.0,0,0,14.118248176098064,14.118248176098064,9.118248176098064,9.118248176098064
46,5,5,0.0,0.0,0,0,13.936042298434408,13.936042298434408,8.93604229843441,8.93604229843441
46,6,6,0.0,0.0,0,0,17.11489872851451,16.06868444834995,11.114898728514511,10.068684448349948
46,5,5,0.0,0.0,0,0,13.57661562490706,13.57661562490706,8.57661562490706,8.57661562490706
46,8,8,0.0,0.0,0,0,22.276009199318906,21.751318710016267,14.276009199318906,13.751318710016271
46,3,3,0.6666666666666666,0.6666666666666666,2,2,12.897988413839336,12.822586725520022,12.535597895726173,12.312722642128875
46,8,8,0.0,0.0,0,0,21.76844858282866,21.76844858282866,13.76844858282866,13.76844858282866
46,9,9,0.0,0.0,0,0,25.32366062784,25.32366062784,16.32366062784,16.32366062784
46,5,5,0.0,0.0,0,0,13.975601825578924,13.489806984152855,8.975601825578924,8.489806984152855
46,4,4,0.0,0.0,0,0,10.83730760202541,10.83730760202541,6.837307602025409,6.837307602025409
46,9,9,0.0,0.0,0,0,24.869879274112556,24.5842281626994,15.869879274112552,15.5842281626994
46,8,8,0.0,0.0,0,0,22.944025005861835,21.80036038068671,14.944025005861835,13.800360380686708
46,6,6,0.0,0.0,0,0,16.32116507929804,16.32116507929804,10.32116507929804,10.32116507929804
46,4,4,0.0,0.0,0,0,10.893945412922394,10.893945412922394,6.893945412922394,6.893945412922394
46,8,8,0.0,0.0,0,0,23.18669737770562,22.34358304078279,15.186697377705618,14.343583040782791
46,5,5,0.0,0.0,0,0,14.099321259734406,14.099321259734406,9.099321259734406,9.099321259734406
46,6,6,0.0,0.0,0,0,16.516036456903365,16.516036456903365,10.516036456903366,10.516036456903366
46,6,6,0.0,0.0,0,0,16.703615478388425,16.703615478388425,10.703615478388425,10.703615478388425
46,6,6,0.0,0.0,0,0,17.011059750282563,17.011059750282563,11.011059750282564,11.011059750282564
46,9,9,0.0,0.0,0,0,25.397931746924254,25.111922453115593,16.397931746924254,16.111922453115593
46,6,6,0.3333333333333333,0.0,2,0,20.69556576507584,16.112276922084693,17.397474292170312,10.112276922084693
46,8,8,0.0,0.0,0,0,22.892897441710755,22.892897441710755,14.892897441710756,14.892897441710756
46,7,7,0.0,0.0,0,0,19.469623472671973,19.469623472671973,12.469623472671973,12.469623472671973
46,4,4,0.0,0.0,0,0,11.259431301314285,10.370688659717803,7.259431301314285,6.370688659717803
46,9,9,0.0,0.0,0,0,24.49112478018418,23.93854190118144,15.49112478018418,14.938541901181438
46,8,8,0.0,0.0,0,0,21.537082886244338,21.537082886244338,13.53708288624434,13.53708288624434
